CHROM,POS,SNP_pcadapt,K7.qvalue_pcadapt,chain,LFMM_q.value,sig_SNP_POS,sig_SNP_name_lfmm,peak_start,peak_end,snps_in_chain,dist.focal.snp,variable
1,5459518,Os2621,0.004098723,2,8.32E-06,5547921,Os2669,5447921,5647921,9,266629,temp6
1,5470245,Os2626,0.004827416,4,0.008540232,6265041,Os3047,6165041,6365041,3,552692,temp6
1,5642606,Os2716,0.007174721,1,0.003875056,5281292,Os2556,5181292,5381292,4,NA,temp6
1,5703742,Os2777,0.005128464,3,0.008416326,5712349,Os2787,5612349,5812349,1,164428,temp6
1,20985468,Os9914,0.002414179,4,0.008540232,6265041,Os3047,6165041,6365041,3,552692,temp6
1,21022798,Os9932,0.005362619,2,8.32E-06,5547921,Os2669,5447921,5647921,9,266629,temp6
1,21037723,Os9938,0.004600872,4,0.008540232,6265041,Os3047,6165041,6365041,3,552692,temp6
1,2054809,Os1056,0.009334471,2,0.001335718,2124572,Os1096,2024572,2224572,21,468631,temp
1,2175050,Os1157,0.005109294,1,0.002836751,1655941,Os913,1555941,1755941,3,NA,temp
1,19632970,Os9250,0.001810884,3,3.90E-07,5562703,Os2676,5462703,5662703,55,3438131,temp
1,19888777,Os9489,0.002084946,6,0.002982231,24101394,Os11843,24001394,24201394,1,4153546,temp
1,21916341,Os10303,0.000201654,2,0.001335718,2124572,Os1096,2024572,2224572,21,468631,temp
1,22295181,Os10384,0.00033881,2,0.001335718,2124572,Os1096,2024572,2224572,21,468631,temp
1,24157780,Os11905,1.23E-05,7,9.65E-05,32756382,Os15507,32656382,32856382,107,8654988,temp
1,24208260,Os11996,0.007303716,3,3.90E-07,5562703,Os2676,5462703,5662703,55,3438131,temp
1,24276985,Os12077,0.002927649,1,0.002836751,1655941,Os913,1555941,1755941,3,NA,temp
1,24298627,Os12103,6.45E-05,2,0.001335718,2124572,Os1096,2024572,2224572,21,468631,temp
1,24309568,Os12114,4.73E-05,9,0.000309339,33969103,Os15846,33869103,34069103,9,901662,temp
1,24391892,Os12233,0.000866929,1,0.002836751,1655941,Os913,1555941,1755941,3,NA,temp
1,24432578,Os12272,0.001216172,9,0.000309339,33969103,Os15846,33869103,34069103,9,901662,temp
1,24446451,Os12282,0.009827075,1,0.002836751,1655941,Os913,1555941,1755941,3,NA,temp
1,24505733,Os12327,6.24E-05,8,0.000180904,33067441,Os15617,32967441,33167441,17,311059,temp
1,24505733,Os12327,6.24E-05,9,0.000309339,33969103,Os15846,33869103,34069103,9,901662,temp
1,24557420,Os12363,0.000382468,8,0.000180904,33067441,Os15617,32967441,33167441,17,311059,temp
1,24638818,Os12440,0.000211442,7,9.65E-05,32756382,Os15507,32656382,32856382,107,8654988,temp
1,29286695,Os14025,0.003889524,5,0.002550109,19947848,Os9537,19847848,20047848,10,716755,temp
1,32702670,Os15483,0.002134615,2,0.001335718,2124572,Os1096,2024572,2224572,21,468631,temp
2,2144692,Os21538,0.003031736,11,0.000500551,7827292,Os24723,7727292,7927292,2,3042542,temp
2,5490964,Os23613,0.001477084,10,0.008301405,4784750,Os23052,4684750,4884750,1,NA,temp
3,1927814,Os41398,0.002351123,14,0.004517447,31916979,Os51164,31816979,32016979,1,2107231,temp
3,2075416,Os41432,6.96E-06,16,0.000391098,35177444,Os52513,35077444,35277444,1,511379,temp
3,11686875,Os44647,0.006034767,13,0.000120218,29809748,Os50262,29709748,29909748,1,2157791,temp
3,16006288,Os46045,0.002934146,12,0.004379126,27651957,Os49696,27551957,27751957,1,NA,temp
3,17552073,Os46923,0.002241586,17,0.001686739,35320739,Os52535,35220739,35420739,1,143295,temp
3,19078310,Os47526,0.001869084,12,0.004379126,27651957,Os49696,27551957,27751957,1,NA,temp
3,19919240,Os47733,0.007423817,14,0.004517447,31916979,Os51164,31816979,32016979,1,2107231,temp
3,21823250,Os48077,0.001564222,15,0.002907429,34666065,Os52380,34566065,34766065,3,2749086,temp
3,24618854,Os48778,0.002413498,13,0.000120218,29809748,Os50262,29709748,29909748,1,2157791,temp
3,34024596,Os52179,0.00214052,14,0.004517447,31916979,Os51164,31816979,32016979,1,2107231,temp
4,17554388,Os65952,1.15E-05,30,0.001041485,27914898,Os71066,27814898,28014898,3,348359,temp
4,17685713,Os65977,2.95E-09,32,0.003264867,28615220,Os71380,28515220,28715220,2,473812,temp
4,20037590,Os66659,0.000186393,22,0.004131861,24545925,Os70073,24445925,24645925,1,101123,temp
4,25669602,Os70458,0.000390589,29,0.004488353,27566539,Os70964,27466539,27666539,1,1444065,temp
4,25722464,Os70474,0.001045829,31,0.002800167,28141408,Os71147,28041408,28241408,7,226510,temp
4,25806103,Os70503,0.001218782,18,0.005551794,13232792,Os64168,13132792,13332792,2,NA,temp
4,25923588,Os70549,0.000774668,23,0.00097004,24985305,Os70227,24885305,25085305,10,439380,temp
4,25982898,Os70583,0.001304808,25,0.000918332,25388227,Os70363,25288227,25488227,4,172463,temp
4,26037482,Os70598,0.0042833,27,0.00511452,25971247,Os70573,25871247,26071247,2,209328,temp
4,26037482,Os70598,0.0042833,28,0.000196362,26122474,Os70609,26022474,26222474,20,151227,temp
4,26348706,Os70647,0.002626482,19,0.00021471,19599805,Os66375,19499805,19699805,1,6367013,temp
4,29193645,Os71603,0.000941091,18,0.005551794,13232792,Os64168,13132792,13332792,2,NA,temp
4,29730163,Os71794,0.004061687,30,0.001041485,27914898,Os71066,27814898,28014898,3,348359,temp
4,29810000,Os71808,0.007959988,32,0.003264867,28615220,Os71380,28515220,28715220,2,473812,temp
4,29838082,Os71829,0.003266431,19,0.00021471,19599805,Os66375,19499805,19699805,1,6367013,temp
4,29864858,Os71846,3.23E-06,21,0.001538318,24444802,Os70024,24344802,24544802,2,227463,temp
4,29899793,Os71862,4.77E-05,23,0.00097004,24985305,Os70227,24885305,25085305,10,439380,temp
4,31504353,Os72581,0.000362877,22,0.004131861,24545925,Os70073,24445925,24645925,1,101123,temp
5,12233567,Os81635,0.0002119,34,0.006963431,1582926,Os76943,1482926,1682926,1,885566,temp
5,13199375,Os82049,0.000201438,33,0.005319173,697360,Os76279,597360,797360,3,NA,temp
5,25782765,Os86639,0.000187948,33,0.005319173,697360,Os76279,597360,797360,3,NA,temp
5,27562728,Os86975,2.24E-06,34,0.006963431,1582926,Os76943,1482926,1682926,1,885566,temp
5,29768524,Os87451,0.007530524,34,0.006963431,1582926,Os76943,1482926,1682926,1,885566,temp
6,1643252,Os88847,0.004929895,35,0.002601834,2010473,Os88989,1910473,2110473,1,NA,temp
6,16722427,Os95026,0.000635078,37,0.00952144,11201209,Os93890,11101209,11301209,1,8382261,temp
6,19084556,Os95578,0.006941248,38,0.005069454,11654613,Os94036,11554613,11754613,3,453404,temp
6,27609774,Os98541,0.000142052,35,0.002601834,2010473,Os88989,1910473,2110473,1,NA,temp
6,27984954,Os98624,0.009926575,35,0.002601834,2010473,Os88989,1910473,2110473,1,NA,temp
6,31909049,Os100422,0.009533334,39,0.003438702,12212094,Os94231,12112094,12312094,1,557481,temp
7,24513890,Os110674,0.009010796,46,0.004830311,25041594,Os110808,24941594,25141594,2,825401,temp
7,25024714,Os110799,0.009349514,41,0.006695073,15933709,Os105987,15833709,16033709,1,NA,temp
7,25024823,Os110800,0.004151813,46,0.004830311,25041594,Os110808,24941594,25141594,2,825401,temp
7,25045876,Os110810,0.001693559,44,0.000280757,17651197,Os106799,17551197,17751197,3,357698,temp
8,11263718,Os118905,4.31E-05,47,0.006140979,576464,Os112885,476464,676464,1,NA,temp
10,25084798,Os147545,0.00043948,51,0.008973086,22328069,Os146945,22228069,22428069,2,426740,temp
11,2837627,Os148385,2.18E-05,57,0.007829466,25119628,Os163131,25019628,25219628,1,18189721,temp
11,11122294,Os153747,0.004269671,53,0.001675418,1898325,Os147924,1798325,1998325,1,104610,temp
11,24022193,Os161669,0.001813775,60,0.005502466,31431494,Os170326,31331494,31531494,1,1000501,temp
1,19888777,Os9489,0.002084946,1,0.006036546,27490792,Os13647,27390792,27590792,1,NA,prec
1,19916439,Os9512,0.00014703,1,0.006036546,27490792,Os13647,27390792,27590792,1,NA,prec
1,20097966,Os9624,0.001023002,2,0.003200633,27671333,Os13686,27571333,27771333,1,180541,prec
1,20268825,Os9718,0.000972426,2,0.003200633,27671333,Os13686,27571333,27771333,1,180541,prec
1,20268825,Os9718,0.000972426,3,0.004933617,28362657,Os13853,28262657,28462657,2,691324,prec
1,28426939,Os13870,0.000975169,3,0.004933617,28362657,Os13853,28262657,28462657,2,691324,prec